,Year,Population,Total Refugees,Total Empl,Empl German,Empl Foreigners,Helper,Skilled worker,Specialist,Expert,without educ,with educ,with academic educ,educ unknown,Unemployment,Unemployment Rate
0,2020,11103043,210185,1134158,933027,198959,511066,478380,61013,46420,243856,612376,105857,172069,259940,4.1
1,2019,11100394,210005,1212104,999765,210174,542758,520245,63361,47535,267899,646194,105169,192842,196950,3.2
2,2018,11069533,202725,1212907,1008238,202681,545297,520075,61778,47706,268224,642990,100047,201646,195128,3.2
3,2017,11023425,194120,1207558,1011660,193737,546133,517275,59621,47159,265964,634340,94238,213016,212837,3.5
4,2016,10951893,190100,1204120,1016747,184925,548384,515082,57616,46733,264635,622894,88031,228560,226421,3.8
5,2015,10879618,118710,1196329,1015052,178911,545919,512399,56148,46526,262074,610296,81999,241960,227098.41666666666,3.8
6,2014,10716644,87050,1203219,1027834,173040,550881,517077,55510,46284,261204,603905,75730,262380,230372.41666666666,4
7,2013,10631278,76070,1161666,1000568,158721,523475,508620,54064,44212,220000,523911,55062,362693,233955.75,4.1
