,Year,Population,Foreigners,Total Empl,Empl German,Empl Foreigners,Helper,Skilled worker,Specialist,Expert,without educ,with educ,with academic educ,educ unknown,Unemployment,Unemployment Rate
0,2020,2180684,39595,97069,91568,5405,39423,44542,5693,4938,14273,57867,10797,14132,86110,7.7
1,2019,2194782,38500,104300,98617,5564,42246,48502,5711,5184,15227,61685,10668,16720,80608,7.1
2,2018,2208321,39435,104812,99769,4919,42934,48462,5560,5191,14399,62232,10338,17843,88106,7.7
3,2017,2223081,37325,103914,99529,4233,42947,47668,5450,5126,13161,61819,9888,19046,96960,8.4
4,2016,2236252,37285,107445,103504,3800,46768,47647,5378,4916,12537,63192,9554,22162,110263,9.6
5,2015,2245470,25045,108228,104672,3454,47141,48203,5150,4982,12083,62726,9317,24102,118851.58333333333,10.2
6,2014,2235548,15285,114895,111473,3318,51179,50758,5411,4938,12014,65499,9057,28325,125559.41666666667,10.7
7,2013,2244577,11625,112490,109590,2804,49658,50395,5276,4679,10460,55174,7118,39738,132134,11.2
